<?xml version="1.0"?>
<news>
-
<post subject="One of my guitars..." date="January 13, 2011, 7:53 pm">
<content>
I have a Dean Dime Razorback. It's nice, but it's not my first choice&lt;br /&gt;&lt;br /&gt;&amp;lt;a href=http://www.deanguitars.com/dean_winter_06/dime_razorblack_nt.htm&amp;quot; &amp;gt;Dean&amp;lt;/a&amp;gt;
</content>
</post>
-
<post subject="More guitars..." date="January 13, 2011, 7:55 pm">
<content>
Ahh, the Fender Stratocaster. Probably my favorite guitar. I have an American SSS in red. It's old, but plays and feels great.&lt;br /&gt;&lt;br /&gt;&amp;lt;a href=&amp;quot;http://www.fender.com/products/search.php?section=guitars&amp;amp;bodyShape=Stratocaster%C2%AE&amp;quot; &amp;gt;Strat&amp;lt;/a&amp;gt;
</content>
</post>
-
<post subject="GRAND FUNK" date="January 13, 2011, 7:57 pm">
<content>
Who doesn't like a little bit of Grand Funk Railroad?&lt;br /&gt;&lt;br /&gt;I don't. I like a lot of it.&lt;br /&gt;&lt;br /&gt;Here's a free lesson in music.&lt;br /&gt;&lt;br /&gt;&amp;lt;a href=&amp;quot;http://www.grandfunkrailroad.com/&amp;quot; &amp;gt;GRAND FUNKIN&amp;lt;/a&amp;gt;
</content>
</post>
-
<post subject="ELEPHANT TALK?!" date="January 13, 2011, 7:59 pm">
<content>
ELEPHANT TALK?!&lt;br /&gt;&lt;br /&gt;&amp;lt;a href=&amp;quot;http://www.dailymotion.com/video/x6tyxo_king-crimson-elephant-talk-1981_music&amp;quot; &amp;gt;ELEPHANT TALK?&amp;lt;/a&amp;gt;
</content>
</post>
-
<post subject="Need to make a post on my site?" date="January 13, 2011, 8:01 pm">
<content>
Go &amp;lt;a href=&amp;quot;http://people.rit.edu/zto7115/539/Project1/admin.php?1=1&amp;quot; &amp;gt;here&amp;lt;/a&amp;gt;&lt;br /&gt;&lt;br /&gt;Although, you have to know my password.&lt;br /&gt;&lt;br /&gt;Here's a hint. It's the same password I use for my briefcase.&lt;br /&gt;&lt;br /&gt;Also, I'm aware it's not cool to post your own password to your own site
</content>
</post>
-
<post subject="Wanna learn how to play guitar?" date="January 13, 2011, 8:03 pm">
<content>
Because you really should want to play it.&lt;br /&gt;&lt;br /&gt;&amp;lt;a href=&amp;quot;http://www.guitarzonline.com/&amp;quot; &amp;gt;LEARN&amp;lt;/a&amp;gt;
</content>
</post>
-
<post subject="Wanna know what's happening around RIT?" date="January 13, 2011, 8:06 pm">
<content>
Just use the &amp;lt;a href=&amp;quot;https://events.rit.edu/&amp;quot; &amp;gt;calendar&amp;lt;/a&amp;gt;
</content>
</post>
-
<post subject="The Globetrotters" date="January 13, 2011, 8:08 pm">
<content>
I don't really need to say too much more.&lt;br /&gt;&lt;br /&gt;Do you remember &amp;lt;a href=&amp;quot;http://www.harlemglobetrotters.com/&amp;quot; &amp;gt;these guys?&amp;lt;/a&amp;gt;
</content>
</post>
-
<post subject="Space Jam" date="January 13, 2011, 8:09 pm">
<content>
Featuring Michael Jordan.&lt;br /&gt;&lt;br /&gt;Find out who else is in it.&lt;br /&gt;&lt;br /&gt;&amp;lt;a href=&amp;quot;http://www.imdb.com/title/tt0117705/&amp;quot; &amp;gt;Space Jam&amp;lt;/a&amp;gt;
</content>
</post>
-
<post subject="About Me." date="January 13, 2011, 8:11 pm">
<content>
Sure, there's an editorial up, but...&lt;br /&gt;&lt;br /&gt;My name is Zach, I'm a cool guy. I play guitar, bass, and drums. I'm from Massachusetts. I write very short 'About Me' articles.
</content>
</post>
-
<post subject="The Eleventh Article" date="January 13, 2011, 8:12 pm">
<content>
The elusive 11. This is one of the last things I will be doing for this current Project 1. I'm eager to finish this, because I'm hungry. And I want to play music. Because its fun.
</content>
</post>
-
<post subject="Here is a new News articles" date="February 2, 2011, 7:47 pm"><content>To make sure all is good in the land of 539.
</content></post><post subject="project 2 test" date="February 4, 2011, 5:15 pm"><content>test
</content></post><post subject="New item!" date="November 5, 2011, 8:34 pm"><content>YAY
</content></post><post subject="This is a new test." date="February 12, 2012, 7:16 pm"><content>Is this in the text file?
</content></post></news>
