<?xml version="1.0"?>
<services>
<news>
  <student selected="no">
    <first>Brian</first>
    <last>Nuzzo</last>
    <url>http://people.rit.edu/~bcn2041/539/project2/project2.rss</url>
  </student>
  <student selected="no">
    <first>Nathan</first>
    <last>Felton</last>
    <url>http://people.rit.edu/~nlfdss/539/project2/project2.rss</url>
  </student>
  <student selected="no">
    <first>Sebastian</first>
    <last>Gandia</last>
    <url>http://people.rit.edu/~sxg8017/539/project2/project2.rss</url>
  </student>
  <student selected="no">
    <first>Luke</first>
    <last>Quintal</last>
    <url>http://people.rit.edu/~laq3260/539/project2/project2.rss</url>
  </student>
  <student selected="yes">
    <first>Justin</first>
    <last>Murdock</last>
    <url>http://people.rit.edu/~jdm8744/539/project2/project2.rss</url>
  </student>
  <student selected="no">
    <first>Michael</first>
    <last>Curtis</last>
    <url>http://people.rit.edu/~mjc2811/539/project2/project2.rss</url>
  </student>
  <student selected="no">
    <first>Qin Bin</first>
    <last>Chen</last>
    <url>http://people.rit.edu/~qxc5964/539/project2/project2.rss</url>
  </student>
  <student selected="no">
    <first>Robert</first>
    <last>Ziegler</last>
    <url>http://people.rit.edu/~rjz6072/539/project2/project2.rss</url>
  </student>
  <student selected="no">
    <first>Kevin</first>
    <last>Stabe</last>
    <url>http://people.rit.edu/~kds6253/539/project2/project2.rss</url>
  </student>
  <student selected="no">
    <first>Jacob</first>
    <last>Lane</last>
    <url>http://people.rit.edu/~jxl6172/539/project2/project2.rss</url>
  </student>
  <student selected="no">
    <first>Sheraz</first>
    <last>Rashid</last>
    <url>http://people.rit.edu/~sxr7359/539/project2/project2.rss</url>
  </student>
  <student selected="no">
    <first>Geoffrey</first>
    <last>Harris</last>
    <url>http://people.rit.edu/~grh1420/539/project2/project2.rss</url>
  </student>
  <student selected="no">
    <first>Arun</first>
    <last>Davuluri</last>
    <url>http://people.rit.edu/~axd7525/539/project2/project2.rss</url>
  </student>
  <student selected="no">
    <first>Gregory</first>
    <last>Beam</last>
    <url>http://people.rit.edu/~grb8043/539/project2/project2.rss</url>
  </student>
  <student selected="no">
    <first>Jacob</first>
    <last>Kottage</last>
    <url>http://people.rit.edu/~jak1423/539/project2/project2.rss</url>
  </student>
  <student selected="no">
    <first>Pallav</first>
    <last>Giri</last>
    <url>http://people.rit.edu/~pxg3968/539/project2/project2.rss</url>
  </student>
  <student selected="no">
    <first>Jordan</first>
    <last>Simon</last>
    <url>http://people.rit.edu/~jns6971/539/project2/project2.rss</url>
  </student>
  <student selected="yes">
    <first>Brian</first>
    <last>Dorsey</last>
    <url>http://people.rit.edu/~brd5604/539/project2/project2.rss</url>
  </student>
  <student selected="no">
    <first>Erin</first>
    <last>Wasik</last>
    <url>http://people.rit.edu/~eew5780/539/project2/project2.rss</url>
  </student>
  <student selected="no">
    <first>Samuel</first>
    <last>Smolenski</last>
    <url>http://people.rit.edu/~sps7046/539/project2/project2.rss</url>
  </student>
  <student selected="yes">
    <first>Michael</first>
    <last>Klein</last>
    <url>http://people.rit.edu/~msk5804/539/project2/project2.rss</url>
  </student>
  <student selected="no">
    <first>Gary</first>
    <last>Lake Iii</last>
    <url>http://people.rit.edu/~gjl6931/539/project2/project2.rss</url>
  </student>
  <student selected="yes">
    <first>Samuel</first>
    <last>Defeo</last>
    <url>http://people.rit.edu/~sjd5487/539/project2/project2.rss</url>
  </student>
  <student selected="no">
    <first>Alexandra</first>
    <last>Atzl</last>
    <url>http://people.rit.edu/~ala8727/539/project2/project2.rss</url>
  </student>
  <student selected="no">
    <first>Timothy</first>
    <last>Franda</last>
    <url>http://people.rit.edu/~tcf8617/539/project2/project2.rss</url>
  </student>
  <student selected="no">
    <first>Angelic</first>
    <last>Brown</last>
    <url>http://people.rit.edu/~ajb5643/539/project2/project2.rss</url>
  </student>
  <student selected="no">
    <first>Matthew</first>
    <last>Peltier</last>
    <url>http://people.rit.edu/~map8039/539/project2/project2.rss</url>
  </student>
  <student selected="no">
    <first>Zachary</first>
    <last>O Neill</last>
    <url>http://people.rit.edu/~zto7115/539/project2/project2.rss</url>
  </student>
  <student selected="no">
    <first>Tory</first>
    <last>Mance</last>
    <url>http://people.rit.edu/~trm7263/539/project2/project2.rss</url>
  </student>
  <student selected="no">
    <first>Nina</first>
    <last>Papa</last>
    <url>http://people.rit.edu/~nxp2545/539/project2/project2.rss</url>
  </student>
  <student selected="no">
    <first>Joseph</first>
    <last>Pisanzio</last>
    <url>http://people.rit.edu/~jjp9394/539/project2/project2.rss</url>
  </student>
  <student selected="no">
    <first>Neala</first>
    <last>Hurst</last>
    <url>http://people.rit.edu/~ngh5625/539/project2/project2.rss</url>
  </student>
  <student selected="no">
    <first>Scott</first>
    <last>Maier</last>
    <url>http://people.rit.edu/~sem1910/539/project2/project2.rss</url>
  </student>
  <student selected="no">
    <first>Jenny</first>
    <last>Zhen</last>
    <url>http://people.rit.edu/~jxz6853/539/project2/project2.rss</url>
  </student>
</news>
<web>
	<choice selected="yes">
		<name>CNN.com Recently Published/Updated</name>
		<url>http://rss.cnn.com/rss/cnn_latest.rss</url>
	</choice>
	<choice selected="yes">
		<name>Yahoo! Sports - NHL - Boston Bruins News</name>
		<url>http://sports.yahoo.com/nhl/teams/bos/rss.xml</url>
	</choice>
	<choice selected="no">
		<name>RollingStone.com: Music News</name>
		<url>http://www.rollingstone.com/siteServices/rss/musicNewsAndFeature</url>
	</choice>
	<choice selected="yes">
		<name>RIT News Releases - News Releases</name>
		<url>https://www.rit.edu/news/lib/rss/releases.rss</url>
	</choice>
</web>
</services>
